run	bioproject	biosample	continent	acidic_soil_type	ecosystem	location	latitude	longitude	pH	pH_status	selection_reason	project_dedup_group	site_dedup_group	selection_rank	coordinate_status	metadata_quality_flag	include_in_global_balanced_pilot	source_type	soil_only	acidic_soil	soil_source_evidence
SRR34539418	PRJNA1287113	SAMN49893970	Asia	China red/acid soil	Red/acid soil	China:ZiBo	36.0	118.0		needs_metadata_or_OpenLandMap_confirmation	Asia representative; China red/acid soil	PRJNA1287113	China:ZiBo	1	confirmed_lat_lon	candidate	yes	external_acidic_soil_project_reads	yes	yes	Metagenome or environmental sample from soil metagenome; acidic soil; China:ZiBo; 36 N 118 E
SRR34539417	PRJNA1287113	SAMN49893971	Asia	China red/acid soil	Red/acid soil	China:ZiBo	36.0	118.0		needs_metadata_or_OpenLandMap_confirmation	Asia representative; China red/acid soil	PRJNA1287113	China:ZiBo	2	confirmed_lat_lon	candidate	yes	external_acidic_soil_project_reads	yes	yes	Metagenome or environmental sample from soil metagenome; acidic soil; China:ZiBo; 36 N 118 E
SRR34438562	PRJNA1288730	SAMN49860810	Asia	China red/acid soil	Red/acid soil	China:Tai'an	36.2	117.13		needs_metadata_or_OpenLandMap_confirmation	Asia representative; China red/acid soil	PRJNA1288730	China:Tai'an	3	confirmed_lat_lon	candidate	yes	external_acidic_soil_project_reads	yes	yes	Sample_02; acidic soil 0mg/L Rep 2; China:Tai'an; 36.20 N 117.13 E
SRR34438551	PRJNA1288730	SAMN49860811	Asia	China red/acid soil	Red/acid soil	China:Tai'an	36.2	117.13		needs_metadata_or_OpenLandMap_confirmation	Asia representative; China red/acid soil	PRJNA1288730	China:Tai'an	4	confirmed_lat_lon	candidate	yes	external_acidic_soil_project_reads	yes	yes	Sample_03; acidic soil 0mg/L Rep 3; China:Tai'an; 36.20 N 117.13 E
SRR36607663	PRJNA1313400	SAMN51203942	Asia	China red/acid soil	Red/acid soil	China: JiangXi	26.25539	115.275306		needs_metadata_or_OpenLandMap_confirmation	Asia representative; China red/acid soil	PRJNA1313400	China: JiangXi	5	confirmed_lat_lon	candidate	yes	external_acidic_soil_project_reads	yes	yes	Unvegetated control plot from Granite (XG) site biological replicate 1; soil; eroded red soil area: unvegetated control plot; soil; China: JiangXi; 26.255390 N 115.275306 E
SRR25581357	PRJNA1003687	SAMN36903833	Asia	Acidic paddy soil	Paddy soil	India: Kuttanad, Kerala	9.35	76.4		needs_metadata_or_OpenLandMap_confirmation	Asia representative; Acidic paddy soil	PRJNA1003687	India: Kuttanad, Kerala	1	confirmed_lat_lon	candidate	yes	external_acidic_soil_project_reads	yes	yes	Rhizosphere samples from acidic paddy soil; paddy rhizosphere soil; India: Kuttanad, Kerala; 9.35 N 76.40 E
SRR30863179	PRJNA1167190	SAMN43986802	Asia	Acidic paddy soil	Paddy soil	China: Shantou	23.641777	116.834638		needs_metadata_or_OpenLandMap_confirmation	Asia representative; Acidic paddy soil	PRJNA1167190	China: Shantou	2	confirmed_lat_lon	candidate	yes	external_acidic_soil_project_reads	yes	yes	Transfer8FA; soil biome [ENVO:01001044]; rice field [ENVO:00000296]; surface soil [ENVO:02000059]; China: Shantou; 23.641777 N 116.834638 E
SRR30863178	PRJNA1167190	SAMN43986803	Asia	Acidic paddy soil	Paddy soil	China: Shantou	23.641777	116.834638		needs_metadata_or_OpenLandMap_confirmation	Asia representative; Acidic paddy soil	PRJNA1167190	China: Shantou	3	confirmed_lat_lon	candidate	yes	external_acidic_soil_project_reads	yes	yes	Transfer8HA; soil biome [ENVO:01001044]; rice field [ENVO:00000296]; surface soil [ENVO:02000059]; China: Shantou; 23.641777 N 116.834638 E
SRR32502498	PRJNA1229087	SAMN47119334	Asia	Acidic paddy soil	Paddy soil	China: Jiangxi	28.26	115.13		needs_metadata_or_OpenLandMap_confirmation	Asia representative; Acidic paddy soil	PRJNA1229087	China: Jiangxi	4	confirmed_lat_lon	candidate	yes	external_acidic_soil_project_reads	yes	yes	red-yellow paddy soil; China: Jiangxi; 28.26 N 115.13 E
SRR32502497	PRJNA1229087	SAMN47119335	Asia	Acidic paddy soil	Paddy soil	China: Jiangxi	28.26	115.14		needs_metadata_or_OpenLandMap_confirmation	Asia representative; Acidic paddy soil	PRJNA1229087	China: Jiangxi	5	confirmed_lat_lon	candidate	yes	external_acidic_soil_project_reads	yes	yes	red-yellow paddy soil; China: Jiangxi; 28.26 N 115.14 E
SRR37443154	PRJNA1431341	SAMN56009519	Europe	Acidic forest soil	Forest soil	Czechia: Bohemian Switzerland	50.87086	14.3161331		needs_metadata_or_OpenLandMap_confirmation	Europe representative; Acidic forest soil	PRJNA1431341	Czechia: Bohemian Switzerland	1	confirmed_lat_lon	candidate	yes	external_acidic_soil_project_reads	yes	yes	PC2-BS_S16; temperate biome [ENVO_01001831]; temperate broadleaf forest; forest soil [ENVO_00002261]; Czechia: Bohemian Switzerland; 50.87086 N 14.3161331 E
SRR37443153	PRJNA1431341	SAMN56009520	Europe	Acidic forest soil	Forest soil	Czechia: Bohemian Switzerland	50.8736828	14.3248694		needs_metadata_or_OpenLandMap_confirmation	Europe representative; Acidic forest soil	PRJNA1431341	Czechia: Bohemian Switzerland	2	confirmed_lat_lon	candidate	yes	external_acidic_soil_project_reads	yes	yes	PC3-BS_S17; temperate biome [ENVO_01001831]; temperate broadleaf forest; forest soil [ENVO_00002261]; Czechia: Bohemian Switzerland; 50.8736828 N 14.3248694 E
SRR38755020	PRJNA1468262	SAMN60277001	North America	Peat/permafrost/tundra soil	Peat/permafrost soil	USA: Alaska Toolik	68.6239	-149.5835		needs_metadata_or_OpenLandMap_confirmation	North America representative; Peat/permafrost/tundra soil	PRJNA1468262	USA: Alaska Toolik	1	confirmed_lat_lon	candidate	yes	external_acidic_soil_project_reads	yes	yes	D1H1P2R1; Alaska Arctic Tundra; Dry Heath Tundra; soil: active layer/permafrost; USA: Alaska Toolik; 68.6239 N 149.5835 W
SRR38755018	PRJNA1468262	SAMN60277002	North America	Peat/permafrost/tundra soil	Peat/permafrost soil	USA: Alaska Toolik	68.6239	-149.5835		needs_metadata_or_OpenLandMap_confirmation	North America representative; Peat/permafrost/tundra soil	PRJNA1468262	USA: Alaska Toolik	2	confirmed_lat_lon	candidate	yes	external_acidic_soil_project_reads	yes	yes	D1H1P2R2; Alaska Arctic Tundra; Dry Heath Tundra; soil: active layer/permafrost; USA: Alaska Toolik; 68.6239 N 149.5835 W
SRR38758044	PRJNA1468402	SAMN60279544	North America	Peat/permafrost/tundra soil	Peat/permafrost soil	Canada: Quebec	46.03	-71.58		needs_metadata_or_OpenLandMap_confirmation	North America representative; Peat/permafrost/tundra soil	PRJNA1468402	Canada: Quebec	3	confirmed_lat_lon	candidate	yes	external_acidic_soil_project_reads	yes	yes	1002EMPLEM24-168_cucumber_rhizosphere_10-15 cm_SUB_TEMOIN_B1; rhizosphere soil or growing medium; agricultural greenhouse; certified organic greenhouse; rhizosphere soil or growing medium; Canada: Quebec; 46.03 N 71.58 W
SRR38758229	PRJNA1468402	SAMN60279545	North America	Peat/permafrost/tundra soil	Peat/permafrost soil	Canada: Quebec	46.03	-71.58		needs_metadata_or_OpenLandMap_confirmation	North America representative; Peat/permafrost/tundra soil	PRJNA1468402	Canada: Quebec	4	confirmed_lat_lon	candidate	yes	external_acidic_soil_project_reads	yes	yes	1003EMPLEM24-168_cucumber_bulk_0-5 cm_SUB_TEMOIN_B1; bulk soil or growing medium; agricultural greenhouse; certified organic greenhouse; bulk soil or growing medium; Canada: Quebec; 46.03 N 71.58 W
SRR38838347	PRJNA1470159	SAMN60398056	North America	Peat/permafrost/tundra soil	Peat/permafrost soil	USA: Alaska, Council	64.84	-163.71		needs_metadata_or_OpenLandMap_confirmation	North America representative; Peat/permafrost/tundra soil	PRJNA1470159	USA: Alaska, Council	5	confirmed_lat_lon	candidate	yes	external_acidic_soil_project_reads	yes	yes	MIMARKS Survey related sample from soil metagenome; tundra ecosystem [ENVO:01001370]; active permafrost layer [ENVO:04000009]; soil [ENVO:00001998]; USA: Alaska, Council; 64.84 N 163.71 W
SRR37514624	PRJNA1433234	SAMN56359822	South America	Amazon/tropical acidic soil candidate	Amazon/tropical soil	Brazil:Sao Gabriel da Palha	-19.03397729	-40.58553704		needs_metadata_or_OpenLandMap_confirmation	South America representative; Amazon/tropical acidic soil candidate	PRJNA1433234	Brazil:Sao Gabriel da Palha	1	confirmed_lat_lon	candidate	yes	external_acidic_soil_project_reads	yes	yes	MIMARKS Survey related sample from soil metagenome; Atlantic Forest; coffee crop of coffea_canephora; soil; Brazil:Sao Gabriel da Palha; 19.03397729 S 40.58553704 W
SRR37514613	PRJNA1433234	SAMN56359823	South America	Amazon/tropical acidic soil candidate	Amazon/tropical soil	Brazil:Sao Domingos do Norte	-19.0901315	-40.59830925		needs_metadata_or_OpenLandMap_confirmation	South America representative; Amazon/tropical acidic soil candidate	PRJNA1433234	Brazil:Sao Domingos do Norte	2	confirmed_lat_lon	candidate	yes	external_acidic_soil_project_reads	yes	yes	MIMARKS Survey related sample from soil metagenome; Atlantic Forest; coffee crop of coffea_canephora; soil; Brazil:Sao Domingos do Norte; 19.09013150 S 40.59830925 W
SRR37548813	PRJNA1434455	SAMN56406723	South America	Amazon/tropical acidic soil candidate	Amazon/tropical soil	Brazil:Amazon	-2.32484	-48.21225		needs_metadata_or_OpenLandMap_confirmation	South America representative; Amazon/tropical acidic soil candidate	PRJNA1434455	Brazil:Amazon	3	confirmed_lat_lon	candidate	yes	external_acidic_soil_project_reads	yes	yes	C_P1_D1_16S; soil; Brazil:Amazon; 2.32484 S 48.21225 W
SRR37548812	PRJNA1434455	SAMN56406724	South America	Amazon/tropical acidic soil candidate	Amazon/tropical soil	Brazil:Amazon	-2.32484	-48.21225		needs_metadata_or_OpenLandMap_confirmation	South America representative; Amazon/tropical acidic soil candidate	PRJNA1434455	Brazil:Amazon	4	confirmed_lat_lon	candidate	yes	external_acidic_soil_project_reads	yes	yes	C_P1_D2_16S; soil; Brazil:Amazon; 2.32484 S 48.21225 W
SRR38196798	PRJNA1455313	SAMN57360765	South America	Amazon/tropical acidic soil candidate	Amazon/tropical soil	Brazil: Santarem, Para	-2.379583	-54.738972		needs_metadata_or_OpenLandMap_confirmation	South America representative; Amazon/tropical acidic soil candidate	PRJNA1455313	Brazil: Santarem, Para	5	confirmed_lat_lon	candidate	yes	external_acidic_soil_project_reads	yes	yes	MIMARKS Survey related sample from soil metagenome; ENVO_00001998; ENVO_00005778; ENVO_00000243; Brazil: Santarem, Para; 2.379583 S 54.738972 W
SRR8495843	PRJNA517390	SAMN10833214	Africa	Acidic/Ferralsol/Acrisol soil candidate	Acidic/Ferralsol/Acrisol soil candidate	South Africa: Ukulinga	-29.67	30.4	5.82	metadata_pH_available	Africa representative; Acidic/Ferralsol/Acrisol soil candidate	PRJNA517390	South Africa: Ukulinga	1	confirmed_lat_lon	candidate	yes	external_acidic_soil_project_reads	yes	yes	old trial Ukulinga control plot 1; grassland biome; subtropical grassland; soil; South Africa: Ukulinga; 29.67 S 30.4 E; Acrisol
SRR8495844	PRJNA517390	SAMN10833215	Africa	Acidic/Ferralsol/Acrisol soil candidate	Acidic/Ferralsol/Acrisol soil candidate	South Africa: Ukulinga	-29.67	30.4	5.26	metadata_pH_available	Africa representative; Acidic/Ferralsol/Acrisol soil candidate	PRJNA517390	South Africa: Ukulinga	2	confirmed_lat_lon	candidate	yes	external_acidic_soil_project_reads	yes	yes	old trial Ukulinga control plot 2; grassland biome; subtropical grassland; soil; South Africa: Ukulinga; 29.67 S 30.4 E; Acrisol
SRR13757639	PRJNA703480	SAMN18021359	Africa	Acidic/Ferralsol/Acrisol soil candidate	Acidic/Ferralsol/Acrisol soil candidate	South Africa: Limpopo, Dopeni village	-22.9143	30.2112	5.5	metadata_pH_available	Africa representative; Acidic/Ferralsol/Acrisol soil candidate	PRJNA703480	South Africa: Limpopo, Dopeni village	3	confirmed_lat_lon	candidate	yes	external_acidic_soil_project_reads	yes	yes	MIMARKS Survey related sample from soil metagenome; cultivated Savanna grasslands; River; Bulk soil; South Africa: Limpopo, Dopeni village; 22.9143 S 30.2112 E; Griffin (Gleyic Acrisol)
SRR13757628	PRJNA703480	SAMN18021360	Africa	Acidic/Ferralsol/Acrisol soil candidate	Acidic/Ferralsol/Acrisol soil candidate	South Africa: Limpopo, Dopeni village	-22.9143	30.2112	3.8	metadata_pH_available	Africa representative; Acidic/Ferralsol/Acrisol soil candidate	PRJNA703480	South Africa: Limpopo, Dopeni village	4	confirmed_lat_lon	candidate	yes	external_acidic_soil_project_reads	yes	yes	MIMARKS Survey related sample from soil metagenome; cultivated Savanna grasslands; River; Bulk soil; South Africa: Limpopo, Dopeni village; 22.9143 S 30.2112 E; Pinedene (Helvic Acrisol)
SRR26074229	PRJNA1016489	SAMN37387999	Oceania	Acid sulfate soil	Acid sulfate soil	Australia: Adelaide	-34.806	138.54165		needs_metadata_or_OpenLandMap_confirmation	Oceania representative; Acid sulfate soil	PRJNA1016489	Australia: Adelaide	1	confirmed_lat_lon	candidate	yes	external_acidic_soil_project_reads	yes	yes	Metagenome or environmental sample from soil metagenome; missing; Australia: Adelaide; 34.806 S 138.54165 E
SRR26074228	PRJNA1016489	SAMN37388000	Oceania	Acid sulfate soil	Acid sulfate soil	Australia: Adelaide	-34.806	138.54165		needs_metadata_or_OpenLandMap_confirmation	Oceania representative; Acid sulfate soil	PRJNA1016489	Australia: Adelaide	2	confirmed_lat_lon	candidate	yes	external_acidic_soil_project_reads	yes	yes	Metagenome or environmental sample from soil metagenome; missing; Australia: Adelaide; 34.806 S 138.54165 E
SRR1802450	PRJNA275357	SAMN03338719	Oceania	Acid sulfate soil	Acid sulfate soil	Australia: Cairns	-16.94	145.8		needs_metadata_or_OpenLandMap_confirmation	Oceania representative; Acid sulfate soil	PRJNA275357	Australia: Cairns	3	confirmed_lat_lon	candidate	yes	external_acidic_soil_project_reads	yes	yes	Environmental genome from coastal acid sulfate soils system; coastal acid sulfate soils; Australia: Cairns; 16.94 S 145.80 E
SRR34672417	PRJNA1294992	SAMN50146192	Antarctica	Polar soil	Polar soil	Antarctica	-62.18945	-58.9291	6.8	metadata_pH_available	Antarctica representative; Polar soil	PRJNA1294992	Antarctica	1	confirmed_lat_lon	candidate	yes	external_acidic_soil_project_reads	yes	yes	Kige George Island-siteIRJ-2.1; soil [ENVO:00001998] | biome [ENVO:00000428]; Antarctica [SNOMED:223499005]; surface soil [ENVO:02000059]; Antarctica; 62.18945 S 58.9291 W
SRR34672406	PRJNA1294992	SAMN50146193	Antarctica	Polar soil	Polar soil	Antarctica	-62.18945	-58.9291	6.4	metadata_pH_available	Antarctica representative; Polar soil	PRJNA1294992	Antarctica	2	confirmed_lat_lon	candidate	yes	external_acidic_soil_project_reads	yes	yes	Kige George Island-siteIRJ-2.1_2; soil [ENVO:00001998] | biome [ENVO:00000428]; Antarctica [SNOMED:223499005]; surface soil [ENVO:02000059]; Antarctica; 62.18945 S 58.9291 W
SRR37654920	PRJNA1438373	SAMN56536128	Antarctica	Polar soil	Polar soil	Antarctica: Great Wall Station	-62.20472	-58.95722		needs_metadata_or_OpenLandMap_confirmation	Antarctica representative; Polar soil	PRJNA1438373	Antarctica: Great Wall Station	3	confirmed_lat_lon	candidate	yes	external_acidic_soil_project_reads	yes	yes	bare1; polar biome; tundra; soil; Antarctica: Great Wall Station; 62.20472 S 58.95722 W
SRR37654919	PRJNA1438373	SAMN56536129	Antarctica	Polar soil	Polar soil	Antarctica: Great Wall Station	-62.20472	-58.95722		needs_metadata_or_OpenLandMap_confirmation	Antarctica representative; Polar soil	PRJNA1438373	Antarctica: Great Wall Station	4	confirmed_lat_lon	candidate	yes	external_acidic_soil_project_reads	yes	yes	bare2; polar biome; tundra; soil; Antarctica: Great Wall Station; 62.20472 S 58.95722 W
